"","Host","Remnant Mean","Remnant SD","Restored Mean","Restored SD","P","Adj_P"
"1","A. koa",0.284500080891026,0.133595619405818,0.186524312835003,0.0620629264191883,0.14692192696149,0.176306312353789
"2","C. trigynum",0.405957141543109,0.184468760206301,0.19987694232528,0.0718004925085598,0.0406666569869319,0.0609999854803979
"3","Grass",0.406466329850733,0.129629359146091,0.231574887472692,0.0434447254880874,0.0197563342380272,0.0592690027140815
"4","M. polymorpha",0.277826780182197,0.0631396017436163,0.170085056061528,0.0289915170098921,0.00669435816594809,0.0401661489956885
"5","M. lessertiana",0.398544920575624,0.163883411610873,0.382140895235076,0.174906221026085,0.870221086759103,0.870221086759103
"6","R. hawaiensis",0.420315671413019,0.147685334730757,0.246636910225555,0.0505081376321634,0.0335203131807653,0.0609999854803979
